relevance,completeness,creativity,safety_and_evidence,clarity,overall,rationale
B,B,A,B,B,B,"Plan B is significantly better for a beginner due to its comprehensive nature, including warm-ups, cool-downs, detailed exercise instructions with modifications, and crucial advice on form and progressive overload. Its exercise selection is much safer and more appropriate for someone new to structured weight training. Plan A, while offering a wider variety of exercises, includes advanced movements like deadlifts without sufficient guidance, making it less suitable and potentially unsafe for a beginner."
B,B,B,B,B,B,"Plan B is significantly better as it provides a comprehensive, safe, and well-structured plan tailored to a beginner's needs, including detailed exercise instructions, warm-ups, cool-downs, and general guidelines. Plan A is incomplete, lacks safety considerations for a beginner (e.g., pull-ups to failure), and provides insufficient guidance."
B,B,A,B,B,B,"Plan B is superior due to its comprehensive nature, including detailed warm-ups, cool-downs, and crucial advice on progressive overload, nutrition, and recovery. It offers a safer and more balanced approach to upper body hypertrophy and strength, directly aligning with the user's goals and time constraints, unlike Plan A which is overly specialized, potentially unsafe, and lacks essential guidance."
B,B,A,B,B,B,"Plan B is superior for a complete beginner due to its comprehensive nature, strong emphasis on safety, and clear, detailed guidance. It includes essential elements like warm-up and cool-down routines, provides explicit instructions for each exercise, and offers crucial advice on form, progression, and recovery. Plan A, while structured, lacks these critical components, making it less safe and less supportive for a novice."
Tie,B,Tie,B,B,B,"Plan B is significantly more comprehensive and beginner-friendly. It provides detailed exercise instructions, warm-up and cool-down routines, and crucial information on progressive overload, nutrition, and recovery, which are essential for a new weightlifter to build muscle safely and effectively. Plan A, while providing a structured workout, lacks these vital instructional and supportive elements."
B,B,B,B,B,B,"Plan B is significantly better as it fully adheres to the ""no equipment"" constraint, provides a comprehensive and safe routine including warm-up and cool-down, and offers clear, detailed instructions suitable for a beginner. Plan A includes exercises requiring equipment (pull-ups, dips) and lacks essential components for a beginner's routine."
B,B,A,B,B,B,"Plan B is superior due to its beginner-friendly approach, detailed instructions for each exercise, clear explanation of benefits, and selection of safe, appropriate dynamic warm-up movements. Plan A includes several exercises that are too advanced and potentially unsafe for a new exerciser, undermining the goal of injury prevention."
B,B,B,B,B,B,"Plan B is significantly superior due to its comprehensive nature, clear guidance for beginners, inclusion of essential warm-ups and cool-downs, and strong emphasis on safety and progressive overload. Plan A is incomplete, lacks crucial beginner support, and relies on external references for key program details."
B,B,B,B,B,B,"Plan B is significantly more comprehensive, providing a full workout experience including warm-up, cool-down, and essential hypertrophy considerations. It also explicitly integrates the 'Push & Stretch Method' principles into exercise instructions and is better grounded in exercise science for safety and effectiveness."
B,B,A,B,B,B,"Plan B is superior due to its comprehensive structure, including detailed warm-up and cool-down routines, explicit guidance on progressive overload, and crucial advice on nutrition and recovery, all of which are vital for breaking a strength plateau. It also provides clear, detailed instructions for each exercise, enhancing safety and effectiveness. While Plan A offers creative workout variations, it lacks the holistic approach to training and recovery necessary for sustained progress and injury prevention."
B,B,A,B,B,B,"Plan B is significantly better suited for a complete beginner due to its focus on foundational bodyweight exercises, comprehensive warm-up and cool-down routines, detailed exercise instructions with modifications, and crucial general advice on safety, consistency, hydration, and nutrition. It prioritizes safety and gradual progression, which are paramount for someone who hasn't exercised consistently in years. Plan A, while well-organized, lacks essential beginner guidance, includes exercises that may be too advanced or high-impact without proper instruction, and omits critical warm-up and cool-down phases, making it less safe and complete for the specified persona."
B,B,B,B,B,B,"Plan B is significantly better tailored to a complete beginner, offering a safer, more comprehensive, and easier-to-follow plan with detailed instructions, warm-ups, cool-downs, and crucial beginner considerations. Plan A includes exercises that are too advanced and potentially unsafe for someone with no recent activity, and lacks essential guidance for a novice."
B,B,B,B,B,B,"Plan B is superior due to its comprehensive nature, offering detailed general guidelines, specific warm-up and cool-down routines, clear exercise instructions with benefits, and a well-structured 12-week progression plan. It directly addresses the user's fat loss goals by incorporating dedicated cardio and core days, and prioritizes safety and proper form, which are crucial for a beginner. Plan A, while providing a workout split, lacks the essential guidance and completeness necessary for a beginner to safely and effectively achieve their goals."
B,B,B,B,B,B,"Plan B is more comprehensive, offering detailed warm-ups, cool-downs, exercise instructions, and general guidelines crucial for an aggressive shred. It prioritizes safety with explicit advice and structured phases. While both are relevant and creative, Plan B's superior completeness and safety make it the stronger choice."
B,B,B,B,B,B,"Plan B is superior due to its comprehensive nature, beginner-friendly approach, and strong emphasis on safety. It includes detailed warm-ups, cool-downs, and clear exercise instructions with modifications, which are crucial for someone easing back into fitness. Plan A, while structured, introduces complex lifts without adequate guidance, making it less suitable and potentially unsafe for the persona."
B,B,Tie,B,B,B,"Plan B is superior due to its comprehensive nature, including warm-ups, cool-downs, detailed exercise instructions, and crucial guidance on progressive overload, rest, and nutrition, making it far more suitable and safer for a beginner."
B,B,A,B,B,B,"Plan B is significantly more comprehensive and beginner-friendly, providing detailed exercise instructions, warm-ups, cool-downs, and crucial advice on form, progressive overload, and listening to the body. It explicitly addresses the user's needs as a beginner looking to start strength training and lose fat. Plan A, while offering a good exercise selection, lacks the necessary guidance and safety considerations for a novice."
B,B,Tie,B,B,B,"Plan B is significantly more comprehensive, providing essential details like warm-ups, cool-downs, detailed exercise instructions, and crucial guidance on progressive overload, nutrition, and recovery. Its clear organization and emphasis on safety make it a far more effective and user-friendly program for the persona's goals. Plan A is merely a list of exercises."
B,B,B,B,B,B,"Plan B is superior as it provides a comprehensive, beginner-friendly, and safe routine. It includes essential warm-up and cool-down phases, detailed exercise instructions, and a wider variety of movements that directly address all aspects of the user's goals, including overall fitness, core strength, and alleviating stiffness from sitting. Plan A is too brief, lacks crucial guidance for beginners, and focuses too narrowly on core without addressing overall fitness or safety protocols."
B,B,A,B,B,B,"Plan B is significantly superior for a complete beginner due to its comprehensive nature, explicit safety warnings, detailed exercise instructions, and inclusion of warm-up and cool-down routines. It prioritizes foundational movements and proper form, which is crucial for someone new to strength training with kettlebells. Plan A, while offering varied exercises, includes several complex movements that are unsuitable for a beginner without extensive guidance and lacks essential safety and instructional details."
A,B,A,B,B,B,"Plan B is significantly better for a complete beginner due to its comprehensive nature, including detailed exercise instructions, warm-up and cool-down routines, and crucial advice on progressive overload and form. While Plan A offers more weekly exercise variety, its lack of detailed guidance and the inclusion of ""go to failure"" instructions make it less safe and suitable for someone new to fitness."
Tie,B,A,B,B,B,"Plan B is more comprehensive, providing detailed warm-up and cool-down routines, clear exercise instructions, and essential guidance on progressive overload, nutrition, and recovery, which are crucial for safe and effective muscle building. While Plan A offers a well-structured workout, it lacks these vital components."
Tie,B,A,B,B,B,"Plan B is superior due to its comprehensive nature, including warm-up, cool-down, detailed exercise instructions, and crucial guidance on progressive overload, which is essential for an intermediate lifter aiming for glute growth. While Plan A offers a relevant glute-focused workout with creative supersets, it lacks these vital components for a complete and safe program."
B,B,B,B,B,B,"Plan B is superior due to its comprehensive nature, including warm-up and cool-down, detailed exercise instructions, and crucial beginner-specific advice on form, progressive overload, and recovery. Its set and rep schemes are appropriate and safe for a new weightlifter. In contrast, Plan A's extremely high volume (e.g., 10 sets of 10 reps for a superset) and instruction to train to failure are unsafe and inappropriate for a beginner, risking injury and overtraining."
B,B,B,B,B,B,"Plan B is superior due to its comprehensive nature, offering detailed warm-up and cool-down routines, a wider variety of glute-specific exercises, and crucial guidance on progressive overload, nutrition, and recovery. Its exercise selection and volume are safer and more appropriate for an intermediate lifter's single weekly session, making it more effective and sustainable for long-term glute development."
B,B,A,B,B,B,"Plan B is superior because it directly adheres to the user's constraint of one workout day per week, providing a comprehensive and well-structured program including warm-up, cool-down, and progressive overload guidance. Plan A, despite the user's stated frequency, provides a two-day per week leg split, making it irrelevant to the user's primary constraint and less complete for a beginner."
B,B,Tie,B,B,B,"Plan B is superior due to its comprehensive nature, explicitly outlining key principles like progressive overload, providing detailed exercise instructions for safety and effectiveness, and including crucial elements like warm-ups, cool-downs, and recovery advice. Plan A, while providing a solid workout structure, lacks these essential components for a well-rounded and safe program."
B,B,A,B,B,B,"Plan B is significantly more complete and safer for a complete beginner, providing essential warm-up and cool-down routines, detailed exercise instructions, and crucial guidance on form, weight selection, and progressive overload. Its clear organization and beginner-friendly approach make it superior despite Plan A offering more exercise variety."
Tie,B,B,B,B,B,"Plan B is superior due to its comprehensive nature, including detailed exercise instructions, explicit progressive overload strategies, and dedicated warm-up and cool-down routines for each session. Its clear organization and emphasis on safety and evidence-based principles make it a much more complete and effective program for an intermediate lifter."
Tie,B,B,B,B,B,"Plan B is superior due to its comprehensive nature, providing detailed exercise instructions, warm-ups, cool-downs, and crucial general guidelines on form, progressive overload, and recovery, which are essential for a beginner. Plan A, while well-organized, lacks these critical elements for safety and effective progression."
Tie,B,A,B,B,B,"Plan B is superior due to its comprehensive nature, including detailed warm-up and cool-down routines, and crucial general advice on nutrition, recovery, and progressive overload. It prioritizes safety and evidence-based practices, making it a more well-rounded and sustainable plan for an intermediate lifter. While Plan A offers creative weekly variations, its lack of foundational elements like warm-ups and general guidance makes it less complete and potentially less safe."
B,B,B,B,B,B,"Plan B is superior due to its comprehensive nature, including detailed warm-up and cool-down routines, explicit safety considerations, and a wider variety of exercises that effectively target all deltoid heads while minimizing injury risk. It also provides crucial guidance on progressive overload, nutrition, and recovery, which are essential for an advanced lifter. Plan A is too simplistic and includes a potentially risky exercise (upright row) without adequate safety protocols."
B,B,Tie,B,B,B,"Plan B is significantly more comprehensive and user-friendly. It provides a complete workout experience, including crucial warm-up and cool-down phases, detailed exercise instructions, and important considerations for safety and long-term progress. This holistic approach makes it a much more actionable and effective plan for the user compared to Plan A, which only outlines the main workout exercises."
B,B,Tie,B,B,B,"Plan B is significantly more comprehensive and beginner-friendly. It includes essential elements like warm-ups, cool-downs, detailed exercise instructions with safety emphasis, and crucial guidance on progressive overload, nutrition, and consistency, which are vital for a new weightlifter. Plan A, while providing a valid strength program, lacks these critical supportive details for a beginner."
B,B,A,B,B,B,"Plan B is superior due to its comprehensive nature, detailed guidance on progression and recovery, explicit safety considerations (warm-ups, cool-downs, form emphasis), and direct alignment with both strength and muscle mass goals through varied rep ranges and periodization advice. While Plan A offers a creative split, it lacks the depth and completeness required for an advanced lifter's 8-week commitment to break plateaus safely and effectively."
Tie,B,Tie,B,B,B,"Plan B is superior for a beginner due to its comprehensive approach to safety, explicit guidance on progressive overload, and detailed exercise instructions including warm-up and cool-down routines. While Plan A offers a specific bench press progression, its low rep ranges and max testing for a beginner raise safety concerns without further context. Plan B's emphasis on proper form and listening to the body makes it a more suitable and sustainable program for someone new to strength training."
B,B,B,B,B,B,"Plan B is significantly better as it provides a comprehensive, safe, and beginner-friendly program. It includes crucial elements like warm-ups, cool-downs, detailed exercise instructions, and emphasizes proper form and progressive overload, which are vital for a new weightlifter. Plan A's recommendation for a beginner to ""Max Out"" in Week 1 is unsafe and impractical, and it lacks essential guidance on exercise execution and recovery."
